<?xml version="1.0" encoding="UTF-8"?>
<config>
  <nextId id="100" />
  <generalSettings setupHasRun="false">
    <recordingProfiles>
      <recordingProfile  id="10" name="CPU recording">
	    <actionKey id="cpu"/>
      </recordingProfile>
    </recordingProfiles>
  </generalSettings>
  <templates>
    <template id="50" name="Instrumentation, all features supported" startFrozen="false" recordCPUOnStartup="false" vmCannotExit="false" instrumentationType="1" samplingNoFilters="false" lineNumbers="false" samplingFrequency="5" timeType="1" disableCPUProfiling="false" recordAllocOnStartup="true" recordArrayAlloc="true" enableTriggersOnStartup="true" allocTreeRecordingType="1" disableMonitorContentions="false" componentDetection="true" chronoHeap="false" autoUpdatePeriodLong="5" autoUpdatePeriodShort="2" allUrls="false" payloadCap="50" eventCap="20000" showSystemThreads="false" utilConcurrentHandling="true" libraryDebugParameters="" exceptionalCap="5" exceptionalTimeType="4" autoTuneInstrumentation="true" autoTuneMaxAverage="100" autoTuneMinPerMille="10" samplingPayloadCallStacks="true" description="This is JProfiler's fully featured mode. In this setting, call stack information is accurate, but CPU overhead and distortion of measured call times may be high, depending on your filter settings. You should define inclusive filters for your own packages." system="true" />
    <template id="51" name="Sampling for CPU profiling, some features not supported" startFrozen="false" recordCPUOnStartup="false" vmCannotExit="false" instrumentationType="3" samplingNoFilters="false" lineNumbers="false" samplingFrequency="5" timeType="1" disableCPUProfiling="false" recordAllocOnStartup="true" recordArrayAlloc="true" enableTriggersOnStartup="true" allocTreeRecordingType="1" disableMonitorContentions="false" componentDetection="true" chronoHeap="false" autoUpdatePeriodLong="5" autoUpdatePeriodShort="2" allUrls="false" payloadCap="50" eventCap="20000" showSystemThreads="false" utilConcurrentHandling="true" libraryDebugParameters="" exceptionalCap="5" exceptionalTimeType="4" autoTuneInstrumentation="true" autoTuneMaxAverage="100" autoTuneMinPerMille="10" samplingPayloadCallStacks="true" description="This template is particularly suitable for CPU profiling and for memory profiling when accurate allocation information is not important. Sampling has a very low overhead and does not distort measured call tines. Some views, like the method statistics are no available. JEE payloads cannot be annotated in the call tree, but payload hotspots without backtraces are available." system="true" />
  </templates>
  <sessions>
    <session id="80" templateId="50" name="Animated Bezier Curve Demo" type="1" isStartupWorkingDirectory="true" mainClass="bezier.BezierAnim">
      <filters>
        <filter type="inclusive" name="bezier." />
      </filters>
      <exceptionalMethods/>
      <classPath>
        <classPathEntry path="demo/bezier/classes" />
      </classPath>
      <sourcePath>
        <sourcePathEntry path="demo/bezier/src" />
      </sourcePath>
      <probes>
        <probe name="com.jprofiler.agent.probe.interceptor.TrackingInterceptor" enabled="true" startProbeRecording="false" events="false" annotatePayloads="false">
          <id value="3" />
        </probe>
      </probes>
    </session>
    <session id="81" name="JDBC demo" recordAllocOnStartup="true" recordCPUOnStartup="true" type="1" isStartupWorkingDirectory="true" mainClass="jdbc.JdbcDemo" autoTuneInstrumentation="false" startFrozen="false" vmCannotExit="false" instrumentationType="1" samplingNoFilters="false" lineNumbers="false" samplingFrequency="5" timeType="1" disableCPUProfiling="false" recordArrayAlloc="true" enableTriggersOnStartup="true" allocTreeRecordingType="1" disableMonitorContentions="false" componentDetection="true" chronoHeap="false" autoUpdatePeriodLong="5" autoUpdatePeriodShort="2" allUrls="false" payloadCap="50" eventCap="20000" showSystemThreads="false" utilConcurrentHandling="true" libraryDebugParameters="" exceptionalCap="5" exceptionalTimeType="4" autoTuneMaxAverage="100" autoTuneMinPerMille="10" samplingPayloadCallStacks="true">
      <filters>
        <filter type="inclusive" name="jdbc." />
      </filters>
      <exceptionalMethods/>
      <probes>
        <probe name="builtin.JdbcProbe" enabled="true" preparedStatementParameters="false" startProbeRecording="true" events="true" annotatePayloads="true" />
        <probe name="builtin.JndiProbe" enabled="true" startProbeRecording="true" events="true" annotatePayloads="true" />
        <probe name="com.jprofiler.agent.probe.interceptor.TrackingInterceptor" enabled="true" startProbeRecording="false" events="false" annotatePayloads="false">
          <id value="2" />
        </probe>
      </probes>
      <classPath>
        <classPathEntry path="demo/jdbc/classes" />
        <classPathEntry path="demo/jdbc/lib" />
      </classPath>
      <sourcePath>
        <classPathEntry path="demo/jdbc/src" />
      </sourcePath>
    </session>
    <session id="82" name="Demo server" recordCPUOnStartup="true" vmCannotExit="false" instrumentationType="1" samplingNoFilters="false" lineNumbers="false" samplingFrequency="5" timeType="1" disableCPUProfiling="false" recordAllocOnStartup="true" recordArrayAlloc="true" enableTriggersOnStartup="true" allocTreeRecordingType="1" disableMonitorContentions="false" componentDetection="true" chronoHeap="false" autoUpdatePeriodLong="5" autoUpdatePeriodShort="2" allUrls="false" payloadCap="50" eventCap="20000" showSystemThreads="false" utilConcurrentHandling="true" libraryDebugParameters="" exceptionalCap="5" exceptionalTimeType="4" autoTuneInstrumentation="true" autoTuneMaxAverage="100" autoTuneMinPerMille="10" samplingPayloadCallStacks="true" templateId="50" askForTemplate="false" autoUpdateAllocationViews="false" jdkName="" jdkId="" jdkMode="auto" compilationMode="auto" compilationTarget="1.6" type="1" hidden="false" host="127.0.0.1" port="8849" timeout="20" isExecuteStartCommand="false" startCommand="" isExecuteStopCommand="false" stopCommand="" jvmConfigurationId="100" workingDirectory="" isStartupWorkingDirectory="true" openBrowser="false" browserUrl="" vmArguments="" mainClass="com.ejt.demo.server.gui.GuiDemoServer" arguments="" consoleBufferSize="1000" nativeConsole="false" consoleSizeWidth="80" consoleSizeHeight="25" configSyncMode="1" configSyncCopyTarget="" configSyncCommand="" showUnprofiledJvms="true" showProfiledJvms="true" showBusyJvms="true" appletURL="" jnlpURL="" jwsDir="" nextScriptId="1">
      <filters>
        <filter type="inclusive" name="com.ejt.demo.server.handlers." />
      </filters>
      <exceptionalMethods/>
      <probes>
        <probe name="builtin.JdbcProbe" enabled="true" preparedStatementParameters="true" startProbeRecording="true" events="true" annotatePayloads="true" />
        <probe name="builtin.PersistenceProbe" enabled="true" hibernate3="true" hibernate4="true" eclipseLink23="true" openJpa21="true" startProbeRecording="true" events="true" annotatePayloads="true" />
        <probe name="builtin.JndiProbe" enabled="true" startProbeRecording="true" events="true" annotatePayloads="true" />
        <probe name="builtin.JmsProbe" enabled="true" startProbeRecording="true" events="true" annotatePayloads="true">
          <jmsResolver>
            <script id="" compiledClassName="" lastModified="0" enabled="false">
              <code />
            </script>
          </jmsResolver>
        </probe>
        <probe name="builtin.ServletProbe" enabled="true" resolution="2" retainedParameters="view" urlSplitting="true" fullQuery="true" startProbeRecording="true" events="true" annotatePayloads="false">
          <requestResolver>
            <script id="" compiledClassName="" lastModified="0" enabled="false">
              <code />
            </script>
          </requestResolver>
        </probe>
        <probe name="builtin.RmiProbe" enabled="true" tracking="false" split="1" recordClient="true" recordServer="true" startProbeRecording="true" events="true" annotatePayloads="false" />
        <probe name="builtin.WsProbe" enabled="true" startProbeRecording="true" events="true" annotatePayloads="false" />
        <probe name="builtin.SocketProbe" enabled="true" startProbeRecording="false" events="false" annotatePayloads="false" />
        <probe name="builtin.FileProbe" enabled="true" startProbeRecording="false" events="false" annotatePayloads="false" />
        <probe name="builtin.ProcessProbe" enabled="true" startProbeRecording="false" events="false" annotatePayloads="false" />
        <probe name="builtin.TrackingInterceptor" enabled="true" startProbeRecording="false" events="false" annotatePayloads="false" />
      </probes>
      <classPath>
        <classPathEntry path="demo/server/classes" />
        <classPathEntry path="demo/server/lib" />
      </classPath>
      <sourcePath>
        <classPathEntry path="demo/server/src" />
      </sourcePath>
    </session>
  </sessions>
</config>
