<?xml version="1.0" encoding="UTF-8"?>
<config version="2.0">
  <interfaces>
    <interface id="JVMTI11NU" options="-agentpath:${LIBRARY}=${PARAM}" updatableConfiguration="false" nativeLibraryPathRequired="false" bootClassPathRequired="false" library="jprofilerti"/>
    <interface id="JVMTI11" options="-agentpath:${LIBRARY}=${PARAM}" updatableConfiguration="true" nativeLibraryPathRequired="false" bootClassPathRequired="false" library="jprofilerti"/>
    <interface id="JVMTI10" options="-agentpath:${LIBRARY}=${PARAM}" updatableConfiguration="false" nativeLibraryPathRequired="false" bootClassPathRequired="false" library="jprofilerti"/>
  </interfaces>
  <vendors>
    <!-- use oldIds attribute for Oracle migration -->
    <vendor id="Oracle" fullName="Oracle (formerly Sun)" displayName="Oracle" oldIds="Sun">
      <modes>
        <mode id="hotspot" jvmOptions=""  profilerOptions=""/>
        <mode id="interpreted" jvmOptions="-Xint" profilerOptions=""/>
        <mode id="default" jvmOptions="" profilerOptions=""/>
      </modes>
      <versions>
        <version id="1.5.0" interface="JVMTI10" specificJVMOptions="" srcFileName="src.zip" srcFileDirPrefix="">
          <modeRefs>
            <modeRef idRef="hotspot" preferred="true"/>
            <modeRef idRef="interpreted"/>
          </modeRefs>
        </version>
        <version id="1.6.0" interface="JVMTI11" specificJVMOptions="" srcFileName="src.zip" srcFileDirPrefix="">
          <modeRefs>
            <modeRef idRef="hotspot" preferred="true"/>
            <modeRef idRef="interpreted"/>
          </modeRefs>
        </version>
        <version id="1.7.0" idRef="1.6.0"/>
        <version id="1.8.0" idRef="1.6.0"/>
      </versions>
    </vendor>
    <vendor id="IBM" fullName="IBM Corporation" displayName="IBM">
      <modes>
        <mode id="jit compiler" jvmOptions=""  profilerOptions="" comment="does not work with sampling"/>
        <mode id="interpreted" jvmOptions="-Djava.compiler=none" profilerOptions=""/>
      </modes>
      <versions>
        <version id="1.5.0" interface="JVMTI10" specificJVMOptions="-Xshareclasses:none" srcFileName="src.jar" srcFileDirPrefix="src/">
          <modeRefs>
            <modeRef idRef="jit compiler" preferred="true"/>
            <modeRef idRef="interpreted"/>
          </modeRefs>
        </version>
        <version id="1.6.0" interface="JVMTI11NU" specificJVMOptions="-Xshareclasses:none" srcFileName="src.jar" srcFileDirPrefix="src/">
          <modeRefs>
            <modeRef idRef="jit compiler" preferred="true"/>
            <modeRef idRef="interpreted"/>
          </modeRefs>
        </version>
        <version id="1.7.0" idRef="1.6.0"/>
      </versions>
    </vendor>
    <vendor id="Apple" fullName="Apple Computer, Inc." displayName="Apple">
      <modes>
        <mode id="hotspot" jvmOptions="" profilerOptions=""/>
        <mode id="interpreted" jvmOptions="-Xint" profilerOptions=""/>
      </modes>
      <versions>
        <version id="1.5.0" interface="JVMTI10" specificJVMOptions="" srcFileName="src.zip" srcFileDirPrefix="">
          <modeRefs>
            <modeRef idRef="hotspot" preferred="true"/>
            <modeRef idRef="interpreted"/>
          </modeRefs>
        </version>
        <version id="1.6.0" interface="JVMTI11" specificJVMOptions="" srcFileName="src.zip" srcFileDirPrefix="">
          <modeRefs>
            <modeRef idRef="hotspot" preferred="true"/>
            <modeRef idRef="interpreted"/>
          </modeRefs>
        </version>
      </versions>
    </vendor>
    <vendor id="JRockit" fullName="Oracle JRockit" displayName="JRockit">
      <modes>
        <mode id="default" jvmOptions="" profilerOptions="" comment=""/>
        <mode id="noopt" jvmOptions="-Xnoopt" profilerOptions=""/>
      </modes>
      <versions>
        <version id="1.6.0" interface="JVMTI11" specificJVMOptions="" srcFileName="src.zip" srcFileDirPrefix="">
          <modeRefs>
            <modeRef idRef="default" preferred="true"/>
          </modeRefs>
        </version>
        <version id="1.7.0" idRef="1.6.0"/>
       </versions>
    </vendor>
    <vendor id="Hewlett-Packard" fullName="Hewlett-Packard Co." displayName="HP">
      <modes>
        <mode id="hotspot" jvmOptions=""  profilerOptions="" />
        <mode id="interpreted" jvmOptions="-Xint" profilerOptions=""/>
      </modes>

      <versions>
        <version id="1.5.0" interface="JVMTI10" specificJVMOptions="" srcFileName="src.zip" srcFileDirPrefix="">
          <modeRefs>
            <modeRef idRef="hotspot" preferred="true"/>
            <modeRef idRef="interpreted"/>
          </modeRefs>
        </version>
        <version id="1.6.0" interface="JVMTI11" specificJVMOptions="" srcFileName="src.zip" srcFileDirPrefix="">
          <modeRefs>
            <modeRef idRef="hotspot" preferred="true"/>
            <modeRef idRef="interpreted"/>
          </modeRefs>
        </version>
        <version id="1.7.0" idRef="1.6.0"/>
      </versions>
    </vendor>
    <vendor id="The FreeBSD Foundation" fullName="The FreeBSD Foundation" displayName="FreeBSD">
      <modes>
        <mode id="hotspot" jvmOptions=""  profilerOptions="" comment="does not work with full instrumentation"/>
        <mode id="interpreted" jvmOptions="-Xint" profilerOptions=""/>
      </modes>

      <versions>
        <version id="1.5.0" interface="JVMTI10" specificJVMOptions="" srcFileName="src.zip" srcFileDirPrefix="">
          <modeRefs>
            <modeRef idRef="hotspot" preferred="true"/>
            <modeRef idRef="interpreted"/>
          </modeRefs>
        </version>
        <version id="1.6.0" interface="JVMTI11" specificJVMOptions="" srcFileName="src.zip" srcFileDirPrefix="">
          <modeRefs>
            <modeRef idRef="hotspot" preferred="true"/>
            <modeRef idRef="interpreted"/>
          </modeRefs>
        </version>
        <version id="1.7.0" idRef="1.6.0"/>
      </versions>
    </vendor>
    
  </vendors>
</config>